media_product_type,timestamp,views,reach,like_count,comments_count,shares,saved,total_interactions,caption,permalink
FEED,2026-10-08T23:16:06+0000,3353,1815,187,1,33,52,315,"Pol Pot, o professor comunista que matou 1 em cada 5 do próprio povo  Camboja, 1975-1979. ",https://www.instagram.com/p/DeQF57WnQbS/
FEED,2026-10-08T21:46:58+0000,3120,1626,137,2,21,44,226,O artigo 26.3 da Declaração de 1948 que a militância nunca cita. Escrito 100 anos depois d,https://www.instagram.com/p/DeP7tC7GVXe/
FEED,2026-10-08T20:12:55+0000,12245,7053,728,34,191,159,1228,"""Fria máquina de matar."" Che Guevara escreveu e assinou isso. Na camiseta, a frase não apa",https://www.instagram.com/p/DePw8ENnxHn/
FEED,2026-10-08T16:58:38+0000,10670,6358,576,23,97,140,927,"A ""filósofa da liberdade"" que queria proibir a mãe de criar os filhos em casa. Simone de B",https://www.instagram.com/p/DePatTtmi5W/
REELS,2026-10-08T16:03:13+0000,1436,1122,118,7,17,30,187,Democracia não pertence à esquerda. E o pior não é eles usarem a palavra: é o que eles faz,https://www.instagram.com/reel/DePUSUkFVsv/
FEED,2026-10-08T14:02:26+0000,2329,1225,115,2,11,18,157,O filósofo da liberdade que escreveu 16 reportagens para vender a revolução de Fidel. Sart,https://www.instagram.com/p/DePGjPllWib/
FEED,2026-10-08T10:57:40+0000,9927,6352,626,19,152,152,1046,"A feminista que fundou o Planned Parenthood queria esterilizar os ""débeis mentais"". E escr",https://www.instagram.com/p/DeOxZXHlaoD/
FEED,2026-10-07T23:13:37+0000,10158,6024,574,27,187,208,1073,O que poucos sabem: dois professores de Columbia escreveram o plano para a assistência nun,https://www.instagram.com/p/DeNg04cnBLT/
FEED,2026-10-07T21:43:56+0000,34460,20098,2472,57,903,483,4437,"Democracia não pertence à esquerda. O país que ergueu o Muro de Berlim tinha ""Democrática""",https://www.instagram.com/p/DeNWkBtmwCy/
FEED,2026-10-07T20:39:25+0000,5916,3140,294,6,94,93,541,"Seu imposto de renda está no Manifesto Comunista. É a medida nº 2 da lista de Marx, de 184",https://www.instagram.com/p/DeNPLgagf5J/
FEED,2026-10-07T17:06:51+0000,75144,47725,4815,312,2620,1552,10036,Você não entende a esquerda se não conhece esta palavra: subversão. Não é tanque nem greve,https://www.instagram.com/p/DeM22mCFc_t/
REELS,2026-10-07T16:42:07+0000,665,801,34,4,2,2,45,Existe uma página nas memórias de Pablo Neruda que a universidade não põe na lista de leit,https://www.instagram.com/reel/DeMz8teDY6L/
FEED,2026-10-07T14:40:30+0000,13178,7423,713,17,186,559,1537,9 livros que demoliram Marx. A universidade não te indica nenhum. 📚  DICA DE LEITURA · DA ,https://www.instagram.com/p/DeMmGm_IAzf/
FEED,2026-10-07T11:04:22+0000,28787,16146,1436,69,315,379,2400,"A feminista que chamou o lar de ""campo de concentração confortável"". Betty Friedan escreve",https://www.instagram.com/p/DeMNXwuFD2o/
FEED,2026-10-07T00:03:16+0000,127282,78997,8041,227,2104,2237,13922,Direito das mulheres não guarda nenhuma relação com o feminismo. E você ainda não entendeu,https://www.instagram.com/p/DeLBttHGHur/
FEED,2026-10-06T22:14:03+0000,19989,11698,1214,90,689,374,2574,A maquiavélica estratégia de Gramsci funcionou: o marxismo entrou na Igreja. A prova está ,https://www.instagram.com/p/DeK1OPmAV18/
FEED,2026-10-06T20:03:27+0000,3937,2357,117,7,15,37,191,"""Não existe verdade absoluta."" Essa frase é absoluta? Se for, ela se desmente. Se não for,",https://www.instagram.com/p/DeKmRFpj39z/
REELS,2026-10-06T18:12:03+0000,1,1,0,0,0,0,0,A caixinha de leite da sua geladeira tem o nome de um cientista que via Deus no infinito. ,https://www.instagram.com/reel/DeKZbRRlavk/
FEED,2026-10-06T17:16:24+0000,38969,19622,1582,84,229,549,2534,"""Socialista de iPhone"" não derruba esquerdista: nem no grito, nem na ironia. O argumento q",https://www.instagram.com/p/DeKTJnrG5v6/
FEED,2026-10-06T15:15:18+0000,1276173,779412,68392,1644,23277,16843,122799,O voto feminino não veio do feminismo de Engels e Kollontai. Veio de mulheres cristãs que ,https://www.instagram.com/p/DeKFSsPm5PA/
REELS,2026-10-06T13:42:13+0000,3518,3182,341,50,103,64,598,Existe uma reunião de 1969 que as feministas não gostam que você conheça. E quem contou o ,https://www.instagram.com/reel/DeJ6ih8Canq/
REELS,2026-10-06T12:11:24+0000,0,0,0,0,0,0,0,O livro de biologia do seu filho diz que a Igreja proibiu a dissecação de corpos e atrasou,https://www.instagram.com/reel/DeJwKNEFEef/
FEED,2026-10-06T11:03:44+0000,18899,11994,1182,77,381,410,2191,"O intelectual de esquerda não fala em libertar o povo porque ama os pobres, e sim por um m",https://www.instagram.com/p/DeJogLBG2k7/
REELS,2026-10-06T00:12:55+0000,4,1,0,0,0,0,0,Ela foi uma das fundadoras do feminismo radical. E a palavra que ela usou para a gravidez ,https://www.instagram.com/reel/DeId7nigQxn/
FEED,2026-10-05T23:04:40+0000,8024,4299,441,33,104,93,734,"O militante não escolhe a opinião política, ele escolhe a turma. Em 1920, o psicólogo Edwa",https://www.instagram.com/p/DeIWNNwIH_F/
REELS,2026-10-05T22:04:15+0000,2546,2022,291,31,101,56,524,Ela foi uma das fundadoras do feminismo radical. E a palavra que ela usou para a gravidez ,https://www.instagram.com/reel/DeIPNn0ErG5/
REELS,2026-10-05T21:37:00+0000,1,1,0,0,0,0,0,"Harvard, a universidade mais disputada do mundo, teve que criar aula de reforço de álgebra",https://www.instagram.com/reel/DeIMGvfjhNi/
FEED,2026-10-05T20:15:30+0000,2624,1434,69,3,5,17,101,Na IA chinesa que o seu filho pode estar usando há algo que quase nenhum pai percebe.  Em ,https://www.instagram.com/p/DeIC3g_Gb9T/
REELS,2026-10-05T18:11:32+0000,0,0,0,0,0,0,0,Um livro com mais de 100 semanas na lista do New York Times resume em 1 palavra a saída pa,https://www.instagram.com/reel/DeH0lQ7jMdw/
FEED,2026-10-05T17:03:31+0000,14642,11585,1243,127,589,310,2421,Brecht não vivia como o operário que ele exaltava. Ele tinha conta na Suíça.  O dramaturgo,https://www.instagram.com/p/DeHs4WXiQZo/
REELS,2026-10-05T16:02:50+0000,5394,4794,360,15,333,84,851,"O feminismo tem pai, e o pai publicou o plano dele em 1884.  O livro se chama A Origem da ",https://www.instagram.com/reel/DeHlzN1iGxF/
FEED,2026-10-05T14:02:50+0000,7187,3708,354,35,78,104,606,"O autor mais citado das humanidades aplaudiu a revolução do aiatolá Khomeini.  Em 1978, Mi",https://www.instagram.com/p/DeHYM9-m9Q9/
REELS,2026-10-05T12:38:37+0000,1157,992,74,0,34,25,137,"A escola não avisa quando começa a doutrinar o seu filho. Mas deixa 7 rastros, todos com d",https://www.instagram.com/reel/DeHOffwCbPh/
FEED,2026-10-05T11:34:28+0000,5237,3006,197,17,114,78,425,"""A política só tem 2 lados."" Essa é a maior mentira que já te contaram. Direita e esquerda",https://www.instagram.com/p/DeHHPUSkS0A/
FEED,2026-10-04T22:08:38+0000,37742,23587,2662,179,1170,673,5097,"“Justiça social” não nasceu num diretório de partido. Nasceu numa batina.  Em 1840, o padr",https://www.instagram.com/p/DeFrAHHnb2U/
REELS,2026-10-04T21:37:36+0000,295,229,32,0,89,6,132,A verdade sobre os filhos de Karl Marx que poucos conhecem.  O homem que ELES chamam de de,https://www.instagram.com/reel/DeFnXbBCZLZ/
FEED,2026-10-04T19:35:01+0000,9907,4704,613,57,230,149,1142,A militância entra na vida do seu filho por 3 portas que um comunista desenhou na cadeia. ,https://www.instagram.com/p/DeFZbJxmvlm/
REELS,2026-10-04T18:11:22+0000,870,773,46,0,3,7,57,"De dentro de uma cela, Gramsci escreveu a frase que explica o que ELES fazem com a escola ",https://www.instagram.com/reel/DeFPxtMiLD_/
FEED,2026-10-04T16:43:35+0000,63816,41058,4649,332,1360,2163,9002,O vilão é Marx. E a faculdade não gosta de quem aponta o erro dele.  No livro 1 de O Capit,https://www.instagram.com/p/DeFFzhLFfz7/
FEED,2026-10-04T13:18:28+0000,7533,4541,339,12,96,62,564,É assim que 10 estados estão com mais Bolsa Família que carteira assinada.  Ensinaram que ,https://www.instagram.com/p/DeEuVHtlRiT/
REELS,2026-10-04T12:11:27+0000,1307,1152,99,2,28,13,144,O inimigo do capital ganhou dinheiro na bolsa de valores. E deixou isso por escrito.  Em 2,https://www.instagram.com/reel/DeEmkzKj6WU/
FEED,2026-10-04T11:19:59+0000,237852,174800,17608,1121,6360,3868,31990,A mulher que virou símbolo do feminismo nas faculdades tem uma história que quase ninguém ,https://www.instagram.com/p/DeEgxd6Fs6v/
FEED,2026-10-03T23:28:04+0000,35458,21799,2004,405,998,1579,5132,Os 10 livros que o esquerdismo não quer que você leia  A faculdade manda ler Marx e escond,https://www.instagram.com/p/DeDPTOrFG0q/
REELS,2026-10-03T22:11:51+0000,3660,3147,379,23,106,95,648,"Por que Karl Marx falava em emancipar o trabalhador, mas viveu 20 anos sustentado por Enge",https://www.instagram.com/reel/DeDGfv3ABT_/
FEED,2026-10-03T21:40:19+0000,24005,14661,1680,133,559,385,2929,"O lado obscuro da feminista de camiseta.  Em 9 de janeiro de 1937, Leon Trotsky chegou exi",https://www.instagram.com/p/DeDC994AVyv/
REELS,2026-10-03T18:11:21+0000,2728,2354,271,14,111,50,473,O Che Guevara não lutava contra o ódio. Ele escreveu que o ódio era a arma.  Em abril de 1,https://www.instagram.com/reel/DeCq-RpAUSl/
REELS,2026-10-03T17:58:21+0000,10459,8586,1283,86,729,282,2641,"Lênin escreveu em 1922: quanto mais padres fuzilados, melhor. E a escola ainda chama ele d",https://www.instagram.com/reel/DeCpem4I-T0/
FEED,2026-10-03T17:52:02+0000,22122,13821,1450,55,432,399,2554,A verdade sobre as filhas de Marx que a universidade do seu filho não conta.  Em 13 de ago,https://www.instagram.com/p/DeCo2g7oKoF/
REELS,2026-10-03T12:23:03+0000,2342,2093,78,3,8,15,106,"A leitura por prazer entre os jovens caiu pela metade em 10 anos, e o culpado não é o celu",https://www.instagram.com/reel/DeCDEm3gm-o/
FEED,2026-10-03T12:21:16+0000,12759,7717,990,31,336,224,1787,"O que o ""Grande Salto Adiante"" de Mao fez com a China é assustador.  Em 1958, Mao prometeu",https://www.instagram.com/p/DeCC_bBG7Tm/
REELS,2026-10-03T00:25:53+0000,5754,4251,710,88,403,191,1519,É assim que a esquerda transforma um adulto em criança. Quem explicou foi um psiquiatra am,https://www.instagram.com/reel/DeAxDbeAEXH/
FEED,2026-10-02T23:41:02+0000,7679,4180,488,17,201,97,908,"Muita gente estampa Fidel e Che na camiseta. Ninguém fala da UMAP.  Em novembro de 1965, o",https://www.instagram.com/p/DeAr_VzDihu/
REELS,2026-10-02T22:15:28+0000,984,890,52,2,5,8,71,Pergunte à IA chinesa o que aconteceu na Praça da Paz Celestial em 1989. Ela muda de assun,https://www.instagram.com/reel/DeAiHDilZ_g/
REELS,2026-10-02T20:43:27+0000,1210,995,88,10,221,32,357,"Antes de escrever uma linha sobre fábrica e operário, Marx fez uma tese de doutorado para ",https://www.instagram.com/reel/DeAXlZUjZq_/
FEED,2026-10-02T18:18:08+0000,21616,14120,1576,280,549,312,2895,"A verdade sobre Neruda, o poeta do amor que o seu filho lê na escola, que poucos conhecem.",https://www.instagram.com/p/DeAHCVomBbQ/
REELS,2026-10-02T16:16:22+0000,930,858,32,2,1,3,39,"O ""julgamento do macaco"" não entrou para a história porque a ciência derrotou a fé. Foi ar",https://www.instagram.com/reel/Dd_4_PgCUVe/
FEED,2026-10-02T14:41:09+0000,5660,3279,369,34,98,93,655,"A militância não acusa você do que você faz. Acusa do que ela faz.  ""Xingue-os do que você",https://www.instagram.com/p/Dd_uNG9m_wA/
REELS,2026-10-02T12:25:20+0000,1154,1004,105,2,92,19,223,"O coautor do Manifesto Comunista era sócio de uma fábrica de algodão, e foi o lucro dela q",https://www.instagram.com/reel/Dd_ekWSm5s0/
FEED,2026-10-02T11:28:20+0000,6821,4203,427,41,103,115,743,"O Capital, a Bíblia de Marx que o seu filho estuda na universidade, foi pago com o lucro d",https://www.instagram.com/p/Dd_YI9CFh57/
FEED,2026-10-01T23:40:57+0000,12053,8838,1038,84,431,231,1990,"No comunismo, pegar uma espiga do chão podia dar fuzilamento. Em 1933, milhões de ucranian",https://www.instagram.com/p/Dd-HLzXlXLE/
REELS,2026-10-01T21:39:27+0000,736,593,67,5,23,19,117,Karl Marx começou escrevendo sobre Jesus Cristo. E terminou escrevendo maldições contra a ,https://www.instagram.com/reel/Dd95KxjkbYy/
REELS,2026-10-01T21:19:43+0000,2187,1789,215,10,100,37,395,"Setembro de 2026: no Irã, a Justiça confirmou 74 chibatadas para a cantora Parastoo Ahmadi",https://www.instagram.com/reel/Dd927V0DLvC/
REELS,2026-10-01T19:41:21+0000,685,581,36,4,1,11,52,A escola ensina que Galileu apodreceu numa masmorra da Inquisição. As atas do processo diz,https://www.instagram.com/reel/Dd9rrkpjE80/
REELS,2026-10-01T16:41:29+0000,1988,1628,260,23,37,45,401,"Fidel Castro mandou um padre para um campo de trabalho forçado. Anos depois, esse padre vi",https://www.instagram.com/reel/Dd9XF00j00c/
FEED,2026-10-01T14:41:25+0000,2023,1124,57,2,10,20,94,"""A ciência enterrou Deus."" Essa é a maior mentira que contam ao seu filho na universidade.",https://www.instagram.com/p/Dd9JcFcG1mz/
REELS,2026-10-01T12:25:12+0000,3555,2967,206,14,66,46,355,Karl Marx começou escrevendo sobre Jesus Cristo. E terminou escrevendo maldições contra a ,https://www.instagram.com/reel/Dd85trcglWn/
FEED,2026-10-01T11:13:48+0000,15644,5955,619,42,188,142,1080,"Shulamith Firestone tinha 25 anos quando publicou A Dialética do Sexo (1970), texto fundad",https://www.instagram.com/p/Dd8xraSG3wM/
FEED,2026-09-30T23:41:10+0000,2923,1522,112,12,21,25,187,"74 chibatadas por cantar sem véu. A sentença foi confirmada agora, em setembro de 2026, no",https://www.instagram.com/p/Dd7iahWGo-g/
REELS,2026-09-30T21:19:57+0000,6801,5341,793,78,306,159,1536,"A verdade sobre Simone de Beauvoir, idolatrada pelas feministas, que poucos conhecem.  No ",https://www.instagram.com/reel/Dd7SKqqCR13/
REELS,2026-09-30T19:41:32+0000,2689,2225,189,2,48,36,298,"Paulo Freire virou patrono da educação brasileira, e 60 anos depois 29% dos brasileiros ai",https://www.instagram.com/reel/Dd7G6xVkl5f/
REELS,2026-09-30T16:42:28+0000,2824,2170,296,40,59,83,511,"Karl Marx não é defendido pela esquerda porque combatia o preconceito, e sim por um motivo",https://www.instagram.com/reel/Dd6yX9JiivW/
FEED,2026-09-30T14:41:01+0000,15528,9331,1123,92,594,335,2352,"Em 1969, em Nova York, um grupo de feministas se reunia em volta de uma mesa e repetia em ",https://www.instagram.com/p/Dd6kmcYlOc6/
REELS,2026-09-30T14:23:04+0000,2511,2057,315,18,134,51,563,O Che Guevara não lutava contra o ódio. Ele escreveu que o ódio era a arma.  Em abril de 1,https://www.instagram.com/reel/Dd6idU9gbfV/
FEED,2026-09-30T11:18:09+0000,42245,29246,3010,296,1567,603,6104,"Dá uma olhada nesta carta de Lênin: quanto mais padres executados, ""melhor será para nós"".",https://www.instagram.com/p/Dd6NYakGzHV/
FEED,2026-09-29T23:41:11+0000,7584,5131,540,67,151,167,990,O filósofo da liberdade que o seu filho estuda na escola voltou da União Soviética dizendo,https://www.instagram.com/p/Dd49nyeCY_K/
REELS,2026-09-29T22:40:09+0000,2931,2444,320,10,111,64,540,"Marx escreveu milhares de páginas sobre o trabalhador explorado, e a empregada da casa del",https://www.instagram.com/reel/Dd42jwgEwMr/
REELS,2026-09-29T22:38:14+0000,1278,901,105,10,33,14,174,"Isso é fascismo. Isso é fascismo. E isso também é fascismo.  Em 13 de agosto de 1961, a Al",https://www.instagram.com/reel/Dd42VBjlbde/
REELS,2026-09-29T16:29:44+0000,1821,1537,195,16,155,33,413,O inimigo do capital ganhou dinheiro na bolsa de valores. E deixou isso por escrito.  Em 2,https://www.instagram.com/reel/Dd4MKn0Al4f/
FEED,2026-09-29T14:33:43+0000,112316,74803,7706,944,3144,2155,15021,"O ""pai da pedagogia"", que o seu filho estuda na universidade, entregou os 5 filhos a um or",https://www.instagram.com/p/Dd3--jroHQQ/
FEED,2026-09-29T10:54:39+0000,178824,136673,12262,1396,5365,3184,24205,Simone de Beauvoir não largou a escola para virar escritora. Foi afastada por causa de uma,https://www.instagram.com/p/Dd3l5gKG2Ia/
REELS,2026-09-28T21:19:23+0000,3685,2745,503,64,227,82,958,A verdade sobre os filhos de Karl Marx que poucos conhecem.  O homem que ELES chamam de de,https://www.instagram.com/reel/Dd2IgJGAFzE/
REELS,2026-09-28T16:41:31+0000,8769,6965,1131,75,387,261,2024,"Por que Karl Marx falava em emancipar o trabalhador, mas viveu 20 anos sustentado por Enge",https://www.instagram.com/reel/Dd1ot-yFIoT/
REELS,2026-09-28T12:37:50+0000,2587,2118,241,13,92,45,412,O livro de biologia do seu filho diz que a Igreja proibiu a dissecação de corpos e atrasou,https://www.instagram.com/reel/Dd1M0uiAOgu/
FEED,2026-09-28T11:20:23+0000,12163,6530,873,100,395,252,1717,Conservador não é só quem vota na direita. É quem vive estes 8 pilares — e a maioria que s,https://www.instagram.com/p/Dd1EDwfFKDW/
REELS,2026-09-27T21:18:34+0000,1376,1191,82,4,13,17,118,Ensinam ao seu filho que Copérnico humilhou a humanidade ao tirar a Terra do centro do uni,https://www.instagram.com/reel/Ddzjoa5ivOw/
REELS,2026-09-27T16:41:25+0000,750,604,43,0,7,8,61,Disseram ao seu filho que Newton provou que o universo funciona sozinho.  O historiador Ed,https://www.instagram.com/reel/DdzD6A2ldLu/
REELS,2026-09-27T12:18:53+0000,4316,3555,435,30,77,92,672,"Dividem a revolução científica em dois times: a ciência de um lado, a Igreja do outro. Gal",https://www.instagram.com/reel/Ddyl3mYgq3i/
FEED,2026-09-27T11:40:58+0000,2301,1207,88,16,20,28,157,"UM LIVRO POR VEZ · Nº 1. Em vez de listas de 5 livros, um livro destrinchado por vez. Anth",https://www.instagram.com/p/Ddyhm7rlQ7G/
REELS,2026-09-26T22:56:51+0000,2826,2431,164,4,18,42,238,"Em 1860, em Oxford, Thomas Huxley — o ""Bulldog de Darwin"" — teria destruído o bispo Wilber",https://www.instagram.com/reel/DdxKDggiBfU/
REELS,2026-09-26T16:42:55+0000,734,651,42,0,2,5,49,"""A física quântica provou que a consciência muda a realidade — logo, a alma existe."" Você ",https://www.instagram.com/reel/DdwfNwwCSyT/
REELS,2026-09-26T12:19:03+0000,2542,1825,307,68,424,86,933,"O homem que propôs o Big Bang, Georges Lemaître, era padre católico. O pai da genética, Gr",https://www.instagram.com/reel/DdwBFsuAHJK/
FEED,2026-09-26T11:40:57+0000,261137,170761,18641,1736,8058,3971,35190,Karl Marx escreveu milhares de páginas sobre o trabalhador explorado. Dentro da própria ca,https://www.instagram.com/p/Ddv80oMG2BI/
REELS,2026-09-25T21:18:44+0000,4397,3768,287,21,127,44,507,"""Na Idade Média, a Igreja ensinava que a Terra era plana."" Essa é uma das maiores mentiras",https://www.instagram.com/reel/DduaDumD8iM/
REELS,2026-09-25T16:41:30+0000,3664,2888,332,21,167,59,606,Quantos dias Galileu Galilei passou torturado numa masmorra da Inquisição? Zero.  O histor,https://www.instagram.com/reel/Ddt6VSpmx9V/
REELS,2026-09-24T20:02:50+0000,612,534,28,2,0,4,35,"Existem duas versões sobre a fé de Charles Darwin — uma da aula ateia, outra de parte do m",https://www.instagram.com/reel/DdrshDqFC4v/
REELS,2026-09-24T17:00:02+0000,2153,1623,154,2,25,36,234,"""Giordano Bruno foi queimado porque defendia a ciência."" É o que está na prova de história",https://www.instagram.com/reel/DdrXpuJD3k8/
REELS,2026-09-24T11:35:27+0000,928,762,30,0,6,7,43,O átomo não matou Deus na cabeça do seu filho. Quem matou foi a aula.  A tese de doutorado,https://www.instagram.com/reel/DdqyhL2lQn2/
REELS,2026-09-23T22:40:28+0000,1132,961,80,14,5,11,116,O professor que passa o semestre desconstruindo os valores do seu filho se formou numa uni,https://www.instagram.com/reel/DdpZz38AMYq/
REELS,2026-09-23T18:39:26+0000,561,449,31,2,1,5,42,Transport & Environment (27/05/2021): jato privado polui 5 a 14x MAIS por passageiro que v,https://www.instagram.com/reel/Ddo-L7cAi-5/
REELS,2026-09-23T11:20:25+0000,546,443,40,1,12,3,63,"Semana do Fórum de Davos de 2022 (estudo CE Delft/Greenpeace, 13/01/2023):  1.040 voos de ",https://www.instagram.com/reel/DdoL_wMjE2M/
REELS,2026-09-22T21:19:06+0000,395,347,21,4,0,4,29,Finlândia — Eduskunta (Parlamento) aprovou em 29/04/2025 a alteração da Lei da Educação Bá,https://www.instagram.com/reel/DdmrsP9jNIB/
REELS,2026-09-22T18:12:15+0000,801,704,73,3,3,9,90,"Coreia do Sul — Assembleia Nacional, 27/08/2025: revisão da Lei da Educação Elementar e Se",https://www.instagram.com/reel/DdmWVpAj1st/
REELS,2026-09-22T10:37:16+0000,1652,1361,140,14,120,47,343,Essa é a maior mentira que já te contaram sobre Karl Marx: que ele começou estudando econo,https://www.instagram.com/reel/DdliRNwj7Ms/
REELS,2026-09-21T21:07:11+0000,764,583,61,8,4,12,89,Existe um filósofo grego antigo que Karl Marx e Olavo de Carvalho estudaram com extrema pr,https://www.instagram.com/reel/DdkFj75kp15/
REELS,2026-09-21T17:57:53+0000,776,603,64,8,23,14,112,Noventa por cento das pessoas da direita que citam Olavo de Carvalho nunca abriram a princ,https://www.instagram.com/reel/Ddjv5ALDBMJ/
REELS,2026-09-21T11:42:00+0000,398,335,25,2,2,7,38,"NYT, 26/10/2018 (Nellie Bowles): John Lilly, ex-CEO da Mozilla (Firefox), sobre o filho de",https://www.instagram.com/reel/DdjE4wpjOQE/
REELS,2026-09-20T21:23:06+0000,415,368,18,0,4,5,28,"NYT, 26/10/2018 (Nellie Bowles), texto integral na sindicação da SBS: o Vale do Silício e ",https://www.instagram.com/reel/DdhijFxim1n/
REELS,2026-09-20T19:29:01+0000,464,381,26,0,4,10,42,A Pedagogia do Esquecimento não precisa te vencer. Só precisa que você esqueça de conversa,https://www.instagram.com/reel/DdhVfw1kyp2/
REELS,2026-09-20T15:05:28+0000,1288,1046,145,3,44,33,242,"7 sinais — com documento:  1. Palavra virada do avesso (Marcuse, 1965) 2. Corrigir virou """,https://www.instagram.com/reel/Ddg3UO1CU1T/
REELS,2026-09-19T21:16:12+0000,480,396,38,2,2,5,51,Pesquisa do Harvard Crimson com 406 docentes (set/2025):  Progressistas: 63%. Conservadore,https://www.instagram.com/reel/Dde8_7uD0QK/
REELS,2026-09-19T16:54:51+0000,598,509,27,0,2,6,40,"Congresso, 05/12/2023 — ""Pedir o genocídio dos judeus viola as regras de Harvard?"" Respost",https://www.instagram.com/reel/DdefGLBEy2A/
REELS,2026-09-18T20:38:24+0000,1487,1227,117,9,36,21,190,Harvard Crimson (03/09/2024): Harvard criou o Math MA5 — reforço de fundamentos de álgebra,https://www.instagram.com/reel/DdcT4bsjz_P/
REELS,2026-09-18T11:39:00+0000,777,638,55,3,5,10,79,"Suprema Corte, 29/06/2023 (6 a 2, opinião de John Roberts):  O processo mostrou candidatos",https://www.instagram.com/reel/DdbWGF6iKGF/
REELS,2026-09-17T21:04:35+0000,563,398,65,9,2,6,87,"O pior integrante do STF não é quem grita no plenário, não é quem ameaça e nem quem bate b",https://www.instagram.com/reel/DdZyFnqjY9u/
REELS,2026-09-17T17:06:22+0000,3164,2405,73,10,4,3,94,"O maior hipócrita do STF não é Alexandre de Moraes, não é Gilmar Mendes, e muito menos Flá",https://www.instagram.com/reel/DdZW0tsEmyD/
REELS,2026-09-17T11:11:23+0000,4348,3674,138,28,4,18,197,Eu assisti a sessão inteira do STF. E preciso falar como pai cristão e pesquisador em filo,https://www.instagram.com/reel/DdYuM6YE-Pk/
REELS,2026-09-16T17:57:08+0000,282,215,11,0,1,3,16,Kit da reunião de pais:  Doc 1 — UNESCO (26/07/2023): celular fora da escola quando atrapa,https://www.instagram.com/reel/DdW3xn8DB40/
REELS,2026-09-16T11:31:44+0000,344,295,13,0,5,1,20,BNCC — o piso de conteúdo de TODA escola do Brasil (a particular também).  Aprovada no CNE,https://www.instagram.com/reel/DdWLsPhiQvD/
REELS,2026-09-15T21:56:00+0000,411,299,33,7,3,6,55,PNE (Lei 13.005/2014) — o plano de 10 anos da educação.  Na comissão da Câmara (22/04/2014,https://www.instagram.com/reel/DdUuYCAjEK8/
REELS,2026-09-15T16:07:23+0000,131,116,13,0,0,2,16,"3 coisas que o STF decidiu na ADI 5537 (ago/2020, 9 a 1):  (1) estado não legisla sobre is",https://www.instagram.com/reel/DdUGa3cAEct/
REELS,2026-09-15T11:32:30+0000,340,264,27,5,3,8,47,"Marcuse, ""Tolerância Repressiva"" (1965, Beacon Press). A frase, ao pé da letra:  ""Tolerânc",https://www.instagram.com/reel/DdTm9whEsW4/
REELS,2026-09-14T20:47:44+0000,1674,1372,149,8,29,36,235,"Gramsci, preso em 1926. Nos Cadernos do Cárcere (1929–1935, ~3.000 páginas), a frase:  ""To",https://www.instagram.com/reel/DdSBxGnFs7C/
REELS,2026-09-14T16:50:57+0000,5938,4307,667,22,269,169,1209,1963: 300 adultos alfabetizados em 40 horas (Angicos). 1964: programa nacional criado por ,https://www.instagram.com/reel/DdRmq6IjDxN/
REELS,2026-09-14T12:04:37+0000,2755,2138,317,17,138,63,558,Engels: coautor do Manifesto Comunista. Na Ermen & Engels de 1850 a 1869 — SÓCIO a partir ,https://www.instagram.com/reel/DdRF5e8G6mn/
REELS,2026-09-13T21:14:38+0000,85762,68416,11680,514,5809,2904,22822,"Helene Demuth serviu a casa dos Marx de 1845 a 1883. Paul Johnson, historiador: recebia ca",https://www.instagram.com/reel/DdPgDurDE10/
REELS,2026-09-13T13:09:14+0000,232,180,18,2,1,4,26,26/08/2026: acordo de até US$ 18 bi da Meta com ~50 estados americanos. Homologação com a ,https://www.instagram.com/reel/DdOogbeEqil/
REELS,2026-09-12T17:01:43+0000,728,624,40,0,10,13,64,"Douyin (o TikTok da China), desde 18/09/2021: menor de 14 = 40 min/dia, desliga às 22h, co",https://www.instagram.com/reel/DdMeT0qDtB1/
REELS,2026-09-12T12:02:51+0000,492,409,40,3,2,12,59,"Suécia, set/2023 — ministra Lotta Edholm: ""os estudantes precisam de mais livros didáticos",https://www.instagram.com/reel/DdL8G7EAlm1/
REELS,2026-09-11T21:42:00+0000,931,779,35,2,21,21,82,"Jonathan Haidt, ""A Geração Ansiosa"" (26/03/2024 — 100+ semanas na lista do NYT). As 4 regr",https://www.instagram.com/reel/DdKZlv0DvkS/
REELS,2026-09-11T18:38:53+0000,483,396,28,0,14,10,53,"NYT (26/10/2018): no Vale do Silício, babá assina CONTRATO de zero celular na frente das c",https://www.instagram.com/reel/DdKEoxmjZFb/
REELS,2026-09-11T12:17:06+0000,98,94,6,0,3,2,12,"Evan Spiegel, dono do Snapchat (podcast, abr/2026; NYT, 18/08/2026):  Filho de 7 anos: 90 ",https://www.instagram.com/reel/DdJY8dfFbvA/
REELS,2026-09-10T16:47:22+0000,317,292,15,0,1,5,24,"Chris Anderson, ex-editor-chefe da WIRED, pai de 5, ao NYT (26/10/2018):  ""Na escala entre",https://www.instagram.com/reel/DdHS8BXAlP5/
REELS,2026-09-10T12:44:11+0000,242,213,11,0,0,5,16,"NYT (18/08/2026): como os chefes do Google, Snapchat e Apple criam os próprios filhos.  Pi",https://www.instagram.com/reel/DdG3P2dCf4N/
REELS,2026-09-09T21:45:30+0000,1864,1595,93,2,51,27,181,"Jovens (18-24) lendo por prazer: 27% → 14% em 10 anos (NEA, 2024). Estudo de 20 anos com 2",https://www.instagram.com/reel/DdFQZ60E_TV/
REELS,2026-09-09T17:48:14+0000,746,624,24,1,2,7,38,"Com data e assinatura:  Ayaan Hirsi Ali (11/11/2023, ensaio próprio) · Paul Kingsnorth (20",https://www.instagram.com/reel/DdE1Pzxj0Dm/
REELS,2026-09-09T12:22:16+0000,400,326,33,5,2,12,55,"""Noites Brancas"" (Dostoiévski, 1848): Penguin Classic nº 1 do Reino Unido em 2024 — 50 mil",https://www.instagram.com/reel/DdEP575iqVT/
REELS,2026-09-08T21:26:18+0000,695,589,44,0,3,12,61,"Gallup (16/04/2026), homens de 18-29 nos EUA:  Religião ""muito importante"": 28% → 42% em 2",https://www.instagram.com/reel/DdCpZ0JDGwx/
REELS,2026-09-08T11:26:40+0000,219,180,15,4,2,4,26,"Circana BookScan (auditoria do mercado editorial americano), fechamento de 2025:  19 MILHÕ",https://www.instagram.com/reel/DdBkyRKFYUC/
REELS,2026-09-07T20:47:11+0000,439,373,27,1,4,7,42,"Batismos de ADULTOS na Páscoa, França (contagem oficial da Conferência dos Bispos):  2016:",https://www.instagram.com/reel/DdAAIlxjb25/
REELS,2026-09-07T16:24:29+0000,138,104,6,0,3,2,11,"O ""4% → 16%"" que rodou o mundo caiu: a própria Bible Society retirou o relatório em março/",https://www.instagram.com/reel/Dc_iEwalBeT/
REELS,2026-09-06T21:54:34+0000,352,286,13,0,4,9,26,Lei 15.211/2025 (ECA Digital) — em vigor desde 17/03/2026:  Art. 9º: verificação de idade ,https://www.instagram.com/reel/Dc9jD1sjYmR/
REELS,2026-09-06T17:50:50+0000,884,757,40,2,4,10,58,UNESCO (26/07/2023): celular fora da escola — a PROXIMIDADE já rouba atenção. Holanda: ban,https://www.instagram.com/reel/Dc9HKuNCdPj/
REELS,2026-09-06T14:04:59+0000,107,82,7,0,0,2,9,"""O cérebro dos nossos filhos não está à venda"" — ministra Anne Le Hénanff, Assembleia Naci",https://www.instagram.com/reel/Dc8tT7gitvD/
REELS,2026-09-05T20:28:48+0000,381,313,24,1,9,7,42,"Austrália, dez/2025: primeira lei do mundo — rede social só aos 16. Multa: até A$ 49,5 mil",https://www.instagram.com/reel/Dc60ba6Dk55/
REELS,2026-09-04T22:01:24+0000,168,122,13,0,2,2,19,"33 procuradores-gerais. Democratas E republicanos. Mesma ação, out/2023.  As escolas entra",https://www.instagram.com/reel/Dc4aP50EX_s/
REELS,2026-09-04T18:39:07+0000,266,223,14,0,4,5,24,"Sean Parker, 1º presidente do Facebook, 2017:  ""Nós entendíamos isso conscientemente. E fi",https://www.instagram.com/reel/Dc4DGQ8CgVP/
REELS,2026-09-04T14:54:27+0000,219,192,10,0,5,4,22,Crianças abaixo da idade mínima. Pedidos de atos sexuais. Na realidade virtual.  A ordem d,https://www.instagram.com/reel/Dc3pYtggQPT/
REELS,2026-09-04T11:22:50+0000,331,278,7,0,1,3,12,Ele construiu as ferramentas de proteção. Saiu. Voltou em 2019.  Tinham removido tudo. No ,https://www.instagram.com/reel/Dc3RLV_iV2J/
REELS,2026-09-03T21:06:29+0000,230,190,8,0,3,1,15,"Arturo Bejar, engenheiro de proteção da Meta, sob juramento:  1 em cada 8 adolescentes de ",https://www.instagram.com/reel/Dc1vBDqzNa6/
REELS,2026-09-03T17:03:56+0000,116,90,11,0,1,2,15,Não é o celular. Não é a escola. Não é teu filho.  É o sistema que te convence a sair do p,https://www.instagram.com/reel/Dc1TWxATn7l/
REELS,2026-09-03T10:38:31+0000,316,261,23,0,44,9,78,"Quando família significa tudo, não significa nada.  E o que não significa nada, ninguém de",https://www.instagram.com/reel/Dc0nII_TiHe/
REELS,2026-09-02T20:20:57+0000,146,99,14,1,34,3,53,"""Minha verdade"" não descreve. Blinda.  A pergunta: ""isso vale pra todo mundo ou só pra voc",https://www.instagram.com/reel/DczE_lfTlKA/
REELS,2026-09-02T16:05:58+0000,378,251,22,2,5,9,41,Clássico: livre é quem governa a si mesmo.  Capturado: livre é quem obedece qualquer impul,https://www.instagram.com/reel/Dcyn0BhTbQ5/
REELS,2026-09-02T10:51:30+0000,327,260,24,0,38,9,74,Tolerar pressupõe discordar. Sempre pressupôs.  A versão capturada exige aprovação — e esm,https://www.instagram.com/reel/DcyD6xWzjVG/
REELS,2026-09-01T19:56:32+0000,726,599,46,2,50,17,119,"Antes: amor = querer o bem real. Agostinho: ordo amoris.  Agora: amor = validar tudo, corr",https://www.instagram.com/reel/DcwdaMHzFp9/
REELS,2026-09-01T17:17:50+0000,1571,1292,68,1,43,32,148,"Mesmo som. Significado trocado. Ninguém te avisou.  Orwell, 1949: quem controla a linguage",https://www.instagram.com/reel/DcwLPqoz3bN/
REELS,2026-09-01T11:07:45+0000,553,433,17,0,55,10,84,"Mensalidade compra prédio, uniforme e sossego.  Não compra caráter. Isso não está em contr",https://www.instagram.com/reel/Dcvg5HKzj3b/
REELS,2026-08-31T20:32:36+0000,661,547,35,0,7,15,59,Piscina é acessório. Estes 5 são estrutura:  Fundamento declarado. Quem escolhe o material,https://www.instagram.com/reel/Dct81ACToJb/
REELS,2026-08-31T15:12:35+0000,1710,1335,129,4,91,62,291,3 perguntas. 15 minutos. Sem escapatória.  1. Quais autores fundamentam a proposta? 2. Pro,https://www.instagram.com/reel/DctYNi8T_OA/
REELS,2026-08-31T10:55:37+0000,412,333,17,0,2,6,27,10 minutos. 5 marcadores. O livro entrega tudo.  Identidade fluida. Relativismo. Redefiniç,https://www.instagram.com/reel/Dcs64EeTQMx/
REELS,2026-08-30T23:14:38+0000,459,355,36,2,25,9,75,"Lei 12.612/2012: Freire é patrono da educação brasileira.  Pedagogia do Oprimido, 1968: ed",https://www.instagram.com/reel/DcrqkPPzSbU/
REELS,2026-08-30T20:06:36+0000,1789,1434,99,5,54,46,208,O crucifixo fica na parede. A metodologia fica no PPP.  Peça o Projeto Político-Pedagógico,https://www.instagram.com/reel/DcrVDXdTXqD/
REELS,2026-08-30T13:43:22+0000,1673,1370,107,10,50,42,218,5 casos. 1 padrão. 4 pilares.  Atenção protegida. Formação clássica. Presença. Longo prazo,https://www.instagram.com/reel/DcqpMxbTsWG/
REELS,2026-08-29T17:10:31+0000,6743,5679,400,22,128,140,719,"Eton, fundada em 1440. ~20 primeiros-ministros.  Latim, grego, retórica, cânone — até hoje",https://www.instagram.com/reel/DcocHPCTyOb/
REELS,2026-08-28T13:36:59+0000,35507,27307,3534,426,2183,1289,7717,Eles vendem uma pedagogia. E compram outra — em dólar.  Série nova: OS SEGREDOS DA ELITE. ,https://www.instagram.com/reel/Dcle4o_T6gU/
REELS,2026-08-27T20:40:34+0000,316,245,29,2,12,8,55,"Gates, em entrevista de 2017: celular só aos 14.  Nada na mesa. Nada antes de dormir.  Que",https://www.instagram.com/reel/Dcjqn6szOPN/
REELS,2026-08-27T15:56:05+0000,3063,2711,41,0,16,13,73,"NYT, 2011: ""A Silicon Valley School That Doesn't Compute"".  Executivos de tecnologia. Esco",https://www.instagram.com/reel/DcjKAFWzXEY/
REELS,2026-08-27T12:05:11+0000,539,377,59,3,36,16,122,Sidwell Friends: ~US$ 50 mil/ano. Latim no currículo.  Discurso público: pedagogia crítica,https://www.instagram.com/reel/DcivlWyzZpE/
REELS,2026-05-29T21:20:50+0000,267,210,14,1,6,6,28,Lista honesta de quem aplica.  Nem todos os 5 são bíblicos. Nem todos são cristãos. Mas to,https://www.instagram.com/reel/DY7_toezllb/
REELS,2026-05-29T11:01:30+0000,229,204,14,0,0,0,14,A aula de Religião na escola é teste de fogo.  Tipo 1: ridiculariza o professor (raiva sem,https://www.instagram.com/reel/DY641OFTJKp/
REELS,2026-05-28T21:46:43+0000,252,199,21,1,2,2,29,"Vamos ao diagnóstico duro:  Filho cristão típico de 11 anos hoje não sabe definir VIRTUDE,",https://www.instagram.com/reel/DY5d4hCT6rn/
REELS,2026-05-28T11:09:47+0000,196,179,12,0,1,0,13,"Pesquisa do Fuller Youth Institute (Kara Powell) mapeou famílias cuja fé ""atravessou"" pra ",https://www.instagram.com/reel/DY4U_SkzURj/
REELS,2026-05-27T21:13:50+0000,1511,1267,8,0,1,1,10,Você não tá enlouquecendo. Tá VENDO.  Galera da escola tem 25-30h por semana com seu filho,https://www.instagram.com/reel/DY21U_uThZ4/
REELS,2026-05-27T11:10:17+0000,1472,1295,57,1,18,9,88,"""Como foi a aula hoje, filho?""  Você pergunta. Ele responde ""boa"".  Conversa termina ali. ",https://www.instagram.com/reel/DY1wQg8zu15/
REELS,2026-05-26T21:49:19+0000,182,157,18,0,1,1,20,Existem 3 tipos de filho cristão hoje em dia — e só 1 chega adulto com fé sólida. Qual é o,https://www.instagram.com/reel/DY0UlOYzUwn/
REELS,2026-05-26T17:35:30+0000,717,588,50,2,8,9,76,Como Tomás de Aquino veria o ativismo trans entrando na escola do seu filho — e por que el,https://www.instagram.com/reel/DYz3jQ0T31P/
REELS,2026-05-26T11:03:41+0000,157,135,7,0,1,1,11,Pergunta inocente. Consequência invisível.  Você não está sendo mau pai. Está sendo pai di,https://www.instagram.com/reel/DYzKtoaz_eo/
REELS,2026-05-25T21:11:25+0000,3820,3216,71,2,29,6,114,Primeiro adulto é fácil: você ou sua esposa.  O segundo é o que decide o tom da adolescênc,https://www.instagram.com/reel/DYxrdjAzo4z/
REELS,2026-05-25T17:32:27+0000,103,86,4,0,12,1,17,C.S. Lewis escreveu Cartas do Diabo em 1942.  Estratégias do inferno descritas como manual,https://www.instagram.com/reel/DYxSZ9ZTmCW/
REELS,2026-05-25T12:26:50+0000,950,767,55,1,42,8,110,"Provocação difícil. Aguenta até o fim.  O sociólogo Christian Smith, da Notre Dame, lidero",https://www.instagram.com/reel/DYwvcAwza1Q/
REELS,2026-05-24T20:05:25+0000,307,265,12,0,19,1,33,"Vocabulário muda antes do comportamento.  Quando você percebe palavra nova, o trilho menta",https://www.instagram.com/reel/DYu_HlJT3hb/
REELS,2026-05-24T13:56:09+0000,252,231,8,0,0,0,9,Ninguém da igreja te conta. Por covardia ou desconhecimento.  Eu vou te contar — mesmo que,https://www.instagram.com/reel/DYuUzCcz0CM/
REELS,2026-05-23T18:32:17+0000,479,431,13,0,0,2,15,Evite essas 3 frases pro seu filho cristão entre 10 e 14  Você acha que ajuda. Mata a fé e,https://www.instagram.com/reel/DYsPpxDTr6J/
REELS,2026-05-23T11:42:25+0000,3965,3515,28,0,1,3,33,Inverte o problema. Não é doutrinação que pega o filho. É distração que entrega o filho.  ,https://www.instagram.com/reel/DYrgwZLTUu_/
REELS,2026-05-22T20:48:00+0000,2657,2310,27,0,4,6,39,Você não precisa entrar em conflito com a escola.  5 perguntas. 5 dias. Você sai sabendo o,https://www.instagram.com/reel/DYp6U9FzgYL/
REELS,2026-05-22T15:28:17+0000,63,57,4,0,0,1,7,Três expectativas. Três descartes.  A causa real é estrutural. E não tá na escola.  Está n,https://www.instagram.com/reel/DYpVzw8T_lf/
REELS,2026-05-22T10:23:57+0000,28,26,2,0,0,0,2,Pergunta inocente. Consequência invisível.  Você não está sendo mau pai. Está sendo pai di,https://www.instagram.com/reel/DYoy-9tzcFk/
REELS,2026-05-21T21:43:46+0000,34,31,3,0,0,1,4,Não é qualquer oração. É uma específica.  5 mudanças observáveis em 90 dias — testadas em ,https://www.instagram.com/reel/DYnb-i6ToZG/
REELS,2026-05-21T14:46:11+0000,6344,5448,396,10,474,54,947,Família de elite ENSINA EM CASA o que paga pra escola pública ignorar.  3 conceitos que os,https://www.instagram.com/reel/DYmsIfnT26u/
REELS,2026-05-20T21:24:28+0000,4963,3815,354,21,593,19,1037,"Freire não escondeu. Está escrito.  ""Pedagogia do Oprimido"", 1968: educação é ato político",https://www.instagram.com/reel/DYk08xxznMy/
REELS,2026-05-19T21:04:26+0000,124,107,2,0,2,0,4,"Doutrinação não é teoria da conspiração. É auditoria.  Método clássico, testado em 2.500 a",https://www.instagram.com/reel/DYiN42-Tl2b/
REELS,2026-05-19T11:08:26+0000,1225,1069,18,0,4,1,25,"Orwell, 1949: quem controla as palavras controla  o pensamento.  ""Todes amigues"" não é var",https://www.instagram.com/reel/DYhJnoVz7g2/
REELS,2026-05-18T23:14:17+0000,139,130,1,0,0,0,1,"""Como foi a aula?"" é pergunta de elevador.  Existem 4 perguntas que viram raio-X da escola",https://www.instagram.com/reel/DYf388UzuzN/
REELS,2026-05-18T17:18:34+0000,2209,1951,39,0,0,3,46,"Olavo previu. Brasil cristão ignorou.  Resultado: 2026 com BNCC freireana, escola particul",https://www.instagram.com/reel/DYfPOyNz3v0/
REELS,2026-05-18T12:18:59+0000,151,142,3,0,1,1,5,Não é minha opinião. É leitura estrutural de 2.500 anos de tradição cristã ocidental.  3 l,https://www.instagram.com/reel/DYes9R3zLUI/
REELS,2026-05-17T18:55:08+0000,148,135,4,0,0,0,4,Não é arrogância. É que 15 anos estudando filosofia política me ensinaram a ler padrões.  ,https://www.instagram.com/reel/DYc1cddT6Sj/
REELS,2026-05-17T11:58:29+0000,160,144,5,0,5,0,10,"Mãe ora muito. Avó ora muito. Pai... vai ao culto.  Em uma geração, isso vira o que estamo",https://www.instagram.com/reel/DYcF0lMTzWY/
REELS,2026-05-16T12:11:05+0000,2487,2141,17,1,6,0,25,"O ativismo trans odeia pais cristãos que fazem essas conversas... Personifico, sim. Ideolo",https://www.instagram.com/reel/DYZiditzg_E/
REELS,2026-05-15T19:32:33+0000,6892,5757,251,6,92,7,383,"Mensalidade de 8, 10, 15 mil reais por mês NÃO compra ideologia diferente. Compra quadra m",https://www.instagram.com/reel/DYXwMmgT0WF/
REELS,2026-05-15T11:03:19+0000,183,174,7,0,0,0,7,"60 minutos por dia. Inocente, né?  Em 12 meses, isso é 365 horas de algoritmo formatando o",https://www.instagram.com/reel/DYW16LYTnha/
